{
	"credit": "Made with Blockbench",
	"parent": "minecraft:item/generated",
	"textures": {
		"layer0": "item/totem_of_undying"
	},
	"display": {
		"firstperson_righthand": {
			"rotation": [0, -87, 22],
			"translation": [2.5, 1.5, 0],
			"scale": [0.4, 0.4, 0.4]
		},
		"firstperson_lefthand": {
			"rotation": [0, -87, 22],
			"translation": [2.5, 1.5, 0],
			"scale": [0.4, 0.4, 0.4]
		},
		"gui": {
			"scale": [0.75, 0.75, 0.75]
		},
		"fixed": {
			"translation": [0, -4.25, 0],
			"scale": [0.4, 0.4, 0.4]
		}
	}
}